title,price
,
ランニングシューズ ギャラクシー 5 KZI38  ,￥4,175￥4,175￥6,270￥6,270
ランニングシューズ メンズ 超軽量 通気性 クッション性 スニーカー 男女兼用 ロード スポーツ 運動靴 カジュアル フィットネスシューズ  ,￥2,999￥2,999
スニーカー グランド コート ベース  ,￥3,354￥3,354￥5,991￥5,991
スニーカー Dynamight 2.0-in A Flash  ,￥3,884￥3,884￥6,050￥6,050
,
ランニングシューズ マキシマイザー 24 通勤 通学 ジョギング スニーカー スポーツ 運動 メンズ  ,￥3,880￥3,880￥4,950￥4,950
スニーカー ブラバダ KYH47 メンズ  ,￥4,002￥4,002
ランニングシューズ HANZO T(旧モデル) レディース  ,￥4,980￥4,980￥12,100￥12,100
スニーカー ADIPACE VS(現行モデル) 22.0cm-32.0cm メンズ  ,￥2,990￥2,990￥5,490￥5,490
スニーカー メンズ レディース ナースシューズ スポーツシューズ スリッポン ウォーキングシューズ カジュアルシューズ カップル靴 婦人靴 超軽量 通気 滑り止 男女兼用 高齢者 22.5cm-28.0cm  ,￥2,533￥2,533￥3,580￥3,580
ランニングシューズ JOLT 3 メンズ  ,￥3,503￥3,503￥4,950￥4,950
ランニングシューズ JOLT 2  ,￥2,543￥2,543￥4,950￥4,950
厚底スニーカー レディース 白 ダッドスニーカー 人気 韓国 レディースシューズ 厚底シューズ 軽量 通学靴 通勤靴 美脚 疲れない ウォーキングシューズ…  ,￥2,860￥2,860
メンズ ランニングシューズ スニーカー エアマックスSC 通気性 クッション性 カジュアル デイリー スポーツ ウォーキング AIR MAX SC CW4555  ,￥7,000￥7,000
スニーカー ウィメンズ エア マックス エクシー レディース  ,￥7,234￥7,234￥7,896￥7,896
メンズ スニーカー ジョギング カジュアル 運動靴 ウォーキング 通気性 アウトドア トレーニングシューズ 学生 通学 サラリーマン  ,￥3,647￥3,647￥6,532￥6,532
ランニングシューズ コアランナー LEB66 レディース  ,￥3,623￥3,623￥6,039￥6,039
レインブーツ サイドゴアブーツ CB919  ,￥3,486￥3,486￥5,480￥5,480
スニーカー GO Walk LITE-Impulse  ,￥3,971￥3,971￥6,490￥6,490
スニーカー コートシューズ CW1 幅広 軽量  ,￥3,618￥3,618￥5,390￥5,390
スニーカー メンズ レディース ナースシューズ スポーツシューズ スリッポン ウォーキングシューズ カジュアルシューズ カップル靴 婦人靴 超軽量 通気 滑り止 男女兼用 高齢者 22.5cm-28.0cm  軽量 防水 ウォーキングシューズ アーバントラディションDU666 メンズ  スニーカー アドバンテージ ベース EOT69  ランニングシューズ ギャラクシー 5 KZI38  ,￥2,533￥2,533￥3,580￥3,580￥3,692￥3,692￥4,950￥4,950￥3,354￥3,354￥5,991￥5,991￥4,175￥4,175￥6,270￥6,270
,
AIR MAX SC メンズスニーカー(エアマックスSC) CW4555 005 ライトボーン/ケイブストーン  ,￥6,200￥6,200￥6,500￥6,500
かかとが踏めるワークシューズ 作業靴 スニカー スリッポン 室内 室外 軽作業 上履き  ,￥1,059￥1,059￥1,408￥1,408
スニーカー ハイパーV#2000 耐油 防滑 軽量 先芯入り メンズ  ,￥3,127￥3,127￥5,500￥5,500
スニーカー ウォーキングシューズ 防水 4E 幅広 24.5~30cm SPLT M196 メンズ  ,￥3,804￥3,804￥4,950￥4,950
野球 トレーニングシューズ NEOREVIVE TR 2  ,￥4,753￥4,753￥6,600￥6,600
運動靴 LAZERBEAM JG 22 春夏 キッズ  ,￥3,740￥3,740￥4,290￥4,290
スニーカー レディース ジュニア MK ローカット シューズ カジュアル IZETTA イゼッタ 親子 リンクコーデ シンプル 靴 子ども お揃い [並行輸入品]  ,￥4,990￥4,990￥6,280￥6,280
スニーカー LAローランSL 軽量 消臭機能 フィット感 クッション性 定番 コート系 WY  ,￥5,059￥5,059￥7,150￥7,150
トレッキングシューズ 登山靴 登山ぐつ キャンプ靴 ハイキングシューズ メンズ 登山シューズ 山用 靴 男性用 軽量 3e trekking shoes hiking boots men  ,￥3,300￥3,300￥3,950￥3,950
コックシューズ 防水素材 防汚 3E クッキングメイト 厨房用 CUI 1000  ,￥3,173￥3,173￥3,960￥3,960
スニーカー GALAXY LIGHTS ガールズ  ,￥3,514￥3,514￥4,620￥4,620
ウィンジョブ CP102 JSAA A種先芯 耐滑ソール αGEL搭載 FCP102  ,￥7,700￥7,700￥10,780￥10,780
安全作業靴 JSAA認定 マジックタイプ プロスニーカー DSF02 メンズ  ,￥3,300￥3,300￥3,542￥3,542
安全靴/作業靴 51649  ,￥2,668￥2,668
軽量 防水 ウォーキングシューズ アーバントラディションDU666 メンズ  ,￥4,624￥4,624￥4,950￥4,950
ハイキングシューズ [LOGOS SHOES(ロゴスシューズ)]撥水フライニットスリッポン メンズ  ,￥4,378￥4,378
ランニングシューズ スニーカー 運動靴 スペースランナー/ALT Amazon限定  ,￥4,851￥4,851￥5,390￥5,390
ランニングシューズ JOG 100 2  ,￥3,935￥3,935￥5,390￥5,390
安全靴 スニ一カ一 作業靴 軽量 あんぜん靴 作業 靴 工事現場 通気性 鋼先芯 耐摩耗 防刺 耐滑 ワークシューズ セーフティーシューズ  ,￥3,980￥3,980
日本製 美脚 カジュアルパンプス レディース 厚底 IM39615  ,￥3,354￥3,354￥4,290￥4,290
ランニングシューズ マキシマイザー 23 通勤 通学 ジョギング スニーカー スポーツ 運動 メンズ  ,￥3,440￥3,440￥4,950￥4,950
スニーカー ファルコンラン メンズ  ,￥3,795￥3,795￥5,991￥5,991
スニーカー 運動靴 ランニングシューズ アクセント  ,￥3,504￥3,504￥5,390￥5,390
ランニングシューズ M413 ランニング/ウォーキング/幅広/軽量 メンズ  ,￥4,268￥4,268￥5,500￥5,500
コックシューズ 防水素材 耐油 3E クッキングメイト 厨房用 CUI 0030  ,￥2,509￥2,509￥3,190￥3,190
セーフティシューズ(安全靴) JSAA A種認定 耐滑ソール TGFダイヤル式 IGS1037TGF  ,￥3,680￥3,680￥6,578￥6,578
日本製 美脚 カジュアルパンプス 6.5cmヒール 厚底 撥水 IM49606 レディース  ,￥4,146￥4,146￥5,390￥5,390
スニーカー チャイルド オールスター N  ,￥4,455￥4,455￥4,950￥4,950
ランニングシューズ コアランナー TR LGJ95 レディース  ,￥5,363￥5,363￥7,150￥7,150
,
,
,